,season,id
0,xmas,0bYg9bo50gSsH3LtXe2SQn
1,xmas,2FRnf9qhLbvw8fu4IBXx78
2,xmas,2EjXfH91m7f8HiJN1yQg97
3,xmas,7vQbuQcyTflfCIOu3Uzzya
4,xmas,1ADjWm8QNhgNV8yCNNgQ1T
5,xmas,1LmkdWSxjCV7wKTPsCvYWN
6,xmas,5PuKlCjfEVIXl0ZBp5ZW9g
7,xmas,6pheMGrfMwwnypqafU7d4k
8,xmas,3nAp4IvdMPPWEH9uuXFFV5
9,xmas,6s2wpWPFPAgKg2LXxi1Oee
10,xmas,6hZvOA9oBZZM812GNDLjEb
11,xmas,5ASM6Qjiav2xPe7gRkQMsQ
12,xmas,5547x0ZawobhfSeh2QKAca
13,xmas,73ye7F9Ub51dQ3CrnCHFhr
14,xmas,4PS1e8f2LvuTFgUs1Cn3ON
15,xmas,7taXf5odg9xCAZERYfyOkS
16,xmas,1prYSRBfwPvE3v8jSRZL3Q
17,xmas,5hslUAKq9I9CG2bAulFkHN
18,xmas,2pXpURmn6zC5ZYDMms6fwa
19,xmas,47ohYW8e7dxCYn9qbUMBCI
20,xmas,1SV1fxF65n9NhRHp3KlBuu
21,xmas,32OWobmyAz8J2qA8iWekyS
22,xmas,4tHqQMWSqmL6YjXwsqthDI
23,xmas,7uoFMmxln0GPXQ0AcCBXRq
24,xmas,3QIoEi8Enr9uHffwInGIsC
25,xmas,2FPfeYlrbSBR8PwCU0zaqq
26,xmas,4jHl6jgzZOnS4nGamPZ1Uk
27,xmas,4Yg2w0P29BBBMixyeNjDtj
28,xmas,04vLj9QUXoKdRlsp3gkURo
29,xmas,6C81GGUCNbEmR8gMIi0CpH
30,xmas,0HZk0QsXPhMNAWNDR3rYE8
31,xmas,0aoUM0zcu0kCX7Cv7O939I
32,xmas,4soJpnUFA0SPs7XTi6QIVp
33,xmas,2O3MQ6H3gjrIWDcpeTrikT
34,xmas,5a1iz510sv2W9Dt1MvFd5R
35,xmas,06Pfxmp9TtC2H00apclouT
36,xmas,5xlS0QkVrSH7ssEbBgBzbM
37,xmas,10HDoLPz2bucGBkoNEjDHW
38,xmas,2mvabkN1i2gLnGAPUVdwek
39,xmas,0rHToGels2lt8Y0mCYoF90
40,xmas,27RYrbL6S02LNVhDWVl38b
41,xmas,2gciS7UJjv59l7608DFGNl
42,xmas,23lpJkE7jJ4BVQhc3lj0VM
43,xmas,4so0Wek9Ig1p6CRCHuINwW
44,xmas,3QiAAp20rPC3dcAtKtMaqQ
45,xmas,13XMz3rpVYITzjFIsSYlZ1
46,xmas,0YWUHZPJVg4iujddsJDwhM
47,xmas,7inXu0Eaeg02VsM8kHNvzM
48,xmas,47otoIkhx3fkdivEXL5OB6
49,xmas,0QtJZpyfZF67QF32p41NXa
50,xmas,5umJVEAPT2SocCoB99ZoaH
51,xmas,25leEEaz1gIpp7o21Fqyjo
52,xmas,0uTVChzibEWKrXojPaJ9y1
53,xmas,0YupMLYOYz6lZDbN3kRt7A
54,xmas,0Ie5uiv54KgCr7P4sYDTHl
55,xmas,3sBnSBnzpEYKpJYGsAIbup
56,xmas,18uSfZqFBxQFi8CsXOIbhy
57,xmas,4KV9bM7a1KDc7b7OakFZic
58,xmas,5SyQ5OhqrkJGb35V7RBoL0
59,xmas,15sxLiiChE5dCW3Y756oas
60,xmas,78pn8k7RogKo2oxl0DyX6d
61,xmas,1OjmlSFuzYflWjSMTCyTJv
62,xmas,5aDoUmxBsbdpS16alksb5Z
63,xmas,1foCxQtxBweJtZmdxhEHVO
64,xmas,1mH6tZC6iXIHPI6EixCwxw
65,xmas,7o4HtESXicUqk3oRqngIsS
66,xmas,5xDrO9DEDJGUQGfyoHvgDJ
67,xmas,2pnPe4pJtq7689i5ydzvJJ
68,xmas,4aCqRYHavLWbUCuoBjh7Xs
69,xmas,2IuUMx3uxxJAHcH41aYtn0
70,xmas,0UOG0zUn7t8m8QcxfzR7AH
71,xmas,1rRb8IFx7OYqlZnt6ag7cP
72,xmas,3Z3QhZAZpqwZa1phsbQ3JZ
73,xmas,6pbS3SMfbLLrcOMR9SDpsZ
74,xmas,6ImuFqEAZf9dkpuYahSr0K
75,xmas,38xhBO2AKrJnjdjVnhJES6
76,xmas,0OdTRhhGt8aq4UXh67CKQg
77,xmas,41onDks2UPbyjer5fMeUWf
78,xmas,6MPpnJDLk37GEIM0iGGITd
79,xmas,7n7VsX3sv66znBwA8b5uhp
80,xmas,0jXjTHqZVXhQSGUAvUbCvU
81,xmas,6zlY4xmlgqvn4LxjzoS2mz
82,xmas,18g50kFt5uwVeCzQbrCvAO
83,xmas,5wTM2Bm8phDwHAuOsfBwhU
84,xmas,5jjsm4Jjq8xjDaue3rW9Go
85,xmas,3AlpkljBS1AU7HFVPms8K6
86,xmas,24lCPIiEWKg9K7k1Gh1h8q
87,xmas,3PIDciSFdrQxSQSihim3hN
88,xmas,02FaKXXL7KUtRc7K0k54tL
89,xmas,5DMItYJluCFc7YtFdP4aXo
90,xmas,0zfWzhPQXrFPAWznN1UF1T
91,xmas,4fzyvSu73BhGvi96p2zwjL
92,xmas,1QLZKzC2pjP4ySf4ALrNhm
93,xmas,6pVW5LRWgeLaHudxauOTJU
94,xmas,79a2ejVzj2SpXkpWdfv1Co
95,halloween,7MnxdIXJd4N4mHCTPNKhkX
96,halloween,1sUdq3kWa9dJXHu3eYOUll
97,halloween,20efeySIfZoiSaISGLBbNs
98,halloween,6A4Jc8npNo79BOgsrPptLA
99,halloween,11BKm0j4eYoCPPpCONAVwA
100,halloween,4rTeOSYqwXNz5qPR2DUTFZ
101,halloween,01YROQCnF1AQm7SCWJmD2o
102,halloween,0xxZY5C9xxij3D1HkzbnfC
103,halloween,79ynnbIoeTY83kAGNycCth
104,halloween,2VOomzT6VavJOGBeySqaMc
105,halloween,2HZLXBOnaSRhXStMLrq9fD
106,halloween,2EYDqen8Pftl3ENvqOs6fE
107,halloween,3nqQXoyQOWXiESFLlDF1hG
108,halloween,3sLhMSePzxSrmxluIqeoAZ
109,halloween,4fHDlIntTsRGSyTg5UYZYC
110,halloween,3tNE4i6TBqMdyTZxHDAn9B
111,halloween,1TfqLAPs4K3s2rJMoCokcS
112,halloween,4EaBMhUIOfnFEbIgqCfKbi
113,halloween,7wuJGgpTNzbUyn26IOY6rj
114,halloween,6ewN9MaFbi78oDLT9wYDgn
115,halloween,2Fxmhks0bxGSBdJ92vM42m
116,halloween,6bmw3whbG7FBQojQPFk52l
117,halloween,0VjIjW4GlUZAMYd2vXMi3b
118,halloween,717TY4sfgKQm4kFbYQIzgo
119,halloween,1i6N76fftMZhijOzFQ5ZtL
120,halloween,2bCQHF9gdG5BNDVuEIEnNk
121,halloween,4jbmgIyjGoXjY01XxatOx6
122,halloween,5DSi7heBC8eTIFROBvttnp
123,halloween,7jk7gqyEonmVVYahZN5zhW
124,halloween,6i0V12jOa3mr6uu4WYhUBr
125,halloween,4wH4dJgrsxONID6KS2tDQM
126,halloween,4WcCW10tnJCljX8Fhs0FdE
127,halloween,2idmlkd8oUaQvYEtINpLBX
128,halloween,1LLUoftvmTjVNBHZoQyveF
129,halloween,6IbnUaczZBT34DhaD6S18F
130,halloween,2PzCOP5Aj9SABiBgNEZ52G
131,halloween,29d0nY7TzCoi22XBqDQkiP
132,halloween,1P17dC1amhFzptugyAO7Il
133,halloween,4WFeJTXNHIS2wURtwlAkhu
134,halloween,4dwrL3Z5U2RZ6MZiKE2PgL
135,halloween,1Qrg8KqiBpW07V7PNxwwwL
136,halloween,646J2jOtUe4Jflrmh6JFjN
137,halloween,7j74lucZ59vqN67Ipe2ZcY
138,halloween,4kkeuVl6gF3RMqE4Nn5W3E
139,halloween,54ipXppHLA8U4yqpOFTUhr
140,halloween,2tscKg9DAFFhOhp8X3Ssf8
141,halloween,0SiywuOBRcynK0uKGWdCnn
142,halloween,5QTxFnGygVM4jFQiBovmRo
143,halloween,4dyoQtmjsgoTuF4VIReyE1
144,halloween,3TSRH5IgWTHc8QZSAmo4bz
145,halloween,5YZuePCawcrg0DJrWovPu7
146,halloween,1ChulFMnwxoD74Me8eX2TU
147,halloween,62rchuhJrm5JSlIfHz7cH3
148,halloween,38RLObegC9ggpKPRVQDc1g
149,halloween,0QTUoI90fBFdKkd4h8fsOu
150,halloween,2LBqCSwhJGcFQeTHMVGwy3
151,halloween,2zYzyRzz6pRmhPzyfMEC8s
152,halloween,3EEd6ldsPat620GVYMEhOP
153,halloween,2FMcDUopGfjBh3xMsrm78S
154,halloween,2yjlYDiNiQkdxVqTlaSrlX
155,halloween,2qeESyQyH7MRHCBotCQsNq
156,halloween,2E2ZVy2fxslpAUgbb4zu84
157,halloween,5XemvyG79fcKPl5lgbhplq
158,halloween,7qUJQSNX9QNf46CC6FgH66
159,halloween,1eyzqe2QqGZUmfcPZtrIyt
160,halloween,2FK7fxjzQEXD7Z32HSF0Hl
161,halloween,5XcZRgJv3zMhTqCyESjQrF
162,halloween,0qo1JukfClmpHnUOJxpFXi
163,halloween,5qRJD1yaLJ5s0J3JpbgnwA
164,halloween,6kotXaSQaGYxE62hVpdHWu
165,halloween,0QKfiqpEU4h9ycPSzIFwYe
166,halloween,4VY6SsgA05tDXC3jAkAE1h
167,halloween,4SSnFejRGlZikf02HLewEF
168,halloween,6SpUnFjNfyFgyLRm65b2G6
169,halloween,0Nby3sP8ns6K37DsVCio5B
170,halloween,4svZDCRz4cJoneBpjpx8DJ
171,halloween,1FKxKGONukVFXWVJxAKmlz
172,halloween,7EZC6E7UjZe63f1jRmkWxt
173,halloween,7n6ibfsRHhCb1Ccl9Fg2CZ
174,halloween,7pNC5ZIKtwUK0ReSpM3P9f
175,halloween,1kusepF3AacIEtUTYrw4GV
176,halloween,6GUiIbJ834FcHewby3PwV0
177,halloween,2id8E4WvczfKHB4LHI7Np3
178,halloween,6zsk6uF3MxfIeHPlubKBvR
179,halloween,3Pu3IChaAoa5EjgUBv5F6x
