Playlist Name,Playlist URL
Top 100 Last 120 days ZA,https://open.spotify.com/playlist/553rdDkA0eFCaQ9sjen7vK
Top 100 Last 120 days VN,https://open.spotify.com/playlist/6GrvNvAFja84LsUZKOiaFo
Top 100 Last 120 days UZ,https://open.spotify.com/playlist/1HltyQNoZfoecLt1l0QiPj
Top 100 Last 120 days US,https://open.spotify.com/playlist/26vkSyyZGa8zGYuF4PuyzY
Top 100 Last 120 days UA,https://open.spotify.com/playlist/4alT4Cs2fknwiTegSDUsvX
Top 100 Last 120 days TW,https://open.spotify.com/playlist/7ERW7XXPOYB1RhueYBCqMG
Top 100 Last 120 days TR,https://open.spotify.com/playlist/5sMSb4BDo1gV16OT47hQoQ
Top 100 Last 120 days TH,https://open.spotify.com/playlist/4qcdpWUWFliLFkRpDaMQBy
Top 100 Last 120 days SK,https://open.spotify.com/playlist/4NYs2URfj593A42ISzX2xy
Top 100 Last 120 days SG,https://open.spotify.com/playlist/2HjiAuZQHunsrQ3epfDjFl
Top 100 Last 120 days SE,https://open.spotify.com/playlist/1JqGW77ESp3y5jTz4Lrjyp
Top 100 Last 120 days SA,https://open.spotify.com/playlist/02Zs3J7zIDZrNCufptILTc
Top 100 Last 120 days RO,https://open.spotify.com/playlist/6LbTHWt2Ex0lvuQJqAhO0q
Top 100 Last 120 days QA,https://open.spotify.com/playlist/2ch6uX7CZwDpZXXpPIsaHu
Top 100 Last 120 days PT,https://open.spotify.com/playlist/1DkiTnNJDrMJ9zgh4qj8ma
Top 100 Last 120 days PL,https://open.spotify.com/playlist/5wBm4P8fh3mkC9QBjg7WrM
Top 100 Last 120 days PK,https://open.spotify.com/playlist/4LKQRHahyFc0VTUOfOPc4w
Top 100 Last 120 days PH,https://open.spotify.com/playlist/5aEOFGSuUL2RTF1mj1wiRR
Top 100 Last 120 days PE,https://open.spotify.com/playlist/5370q8fzlw9nmSqhj0j0Ib
Top 100 Last 120 days OM,https://open.spotify.com/playlist/09avi4Iorxatc27jtovccK
Top 100 Last 120 days NZ,https://open.spotify.com/playlist/6KHPQRQ8wr7ctO4CteHaz6
Top 100 Last 120 days NO,https://open.spotify.com/playlist/5qwRQRD67PkjnPWVfd9Us8
Top 100 Last 120 days NL,https://open.spotify.com/playlist/1sR3h75uiHTqvJT8hv3xOa
Top 100 Last 120 days NG,https://open.spotify.com/playlist/0MJIsmBevuMGDyHSNEouRF
Top 100 Last 120 days MY,https://open.spotify.com/playlist/2FUqv3hIlzSdRBB21E4CmL
Top 100 Last 120 days MX,https://open.spotify.com/playlist/4wUo90yjdODK4BfWYFJxJ0
Top 100 Last 120 days MO,https://open.spotify.com/playlist/2cqDTiCOz4lctjsKAUusLX
Top 100 Last 120 days MM,https://open.spotify.com/playlist/3VjlCuqnLoYWVZeFV4BTBX
Top 100 Last 120 days MA,https://open.spotify.com/playlist/1nG0AG3y28BrByPvQfs3g6
Top 100 Last 120 days LV,https://open.spotify.com/playlist/2dTdF9zBgsZuODroC8p5In
Top 100 Last 120 days LU,https://open.spotify.com/playlist/62r4HZBEkxsZ5yrYKoePQ6
Top 100 Last 120 days LT,https://open.spotify.com/playlist/36Rp0hIJKVMFHyMTLlzOKO
Top 100 Last 120 days LB,https://open.spotify.com/playlist/4c2wfhX8tMHm2F2fPyY7Rc
Top 100 Last 120 days KZ,https://open.spotify.com/playlist/2sNYIkR36EDjOLW4EqNtc7
Top 100 Last 120 days KW,https://open.spotify.com/playlist/58ENFKLxklFB0wv4lWnKpv
Top 100 Last 120 days KR,https://open.spotify.com/playlist/0aWf5JjbG5C8FUqxpMzJCF
Top 100 Last 120 days KH,https://open.spotify.com/playlist/7xUKO3PkaLuVr5N4nTSKlM
Top 100 Last 120 days JP,https://open.spotify.com/playlist/388jWrDuSC1niJaPKLlVfQ
Top 100 Last 120 days JO,https://open.spotify.com/playlist/4MfCOJ6TVv4G1oHRwiaKow
Top 100 Last 120 days IT,https://open.spotify.com/playlist/48KrdHps7YVTauR9UrGbJm
Top 100 Last 120 days IS,https://open.spotify.com/playlist/2ABkhfFKBvXVf2amaWqrgB
Top 100 Last 120 days IQ,https://open.spotify.com/playlist/2uQ6q28Ji79yMv0aqeetMa
Top 100 Last 120 days IL,https://open.spotify.com/playlist/5KUDJ4MOoPFZgMRHIBfn6w
Top 100 Last 120 days IE,https://open.spotify.com/playlist/0tMrN0U2XyC8fKQ22Tdp8e
Top 100 Last 120 days ID,https://open.spotify.com/playlist/1VfNsFqATQuc46e1ZX9pJU
Top 100 Last 120 days HU,https://open.spotify.com/playlist/7gZPEbPp4cqy5d2lervpj6
Top 100 Last 120 days HR,https://open.spotify.com/playlist/4hBNACCkgkDgNS1bMjlnli
Top 100 Last 120 days GR,https://open.spotify.com/playlist/6f6mhM8YfZ0ogCwAKhmY9R
Top 100 Last 120 days GB,https://open.spotify.com/playlist/4jATWwN9WuzWEUiYKRa6m6
Top 100 Last 120 days FR,https://open.spotify.com/playlist/0NxftqDYBr4cWy5vOBszdI
Top 100 Last 120 days FI,https://open.spotify.com/playlist/6elCFGvMjaMUikF1UWRS3g
Top 100 Last 120 days ES,https://open.spotify.com/playlist/1ey1gwbJv6QVoa5fbh98qn
Top 100 Last 120 days EG,https://open.spotify.com/playlist/361jfEDm6WMizps4XNojzj
Top 100 Last 120 days EE,https://open.spotify.com/playlist/0WbsydpZTvbOzRsy1D0sft
Top 100 Last 120 days DK,https://open.spotify.com/playlist/4KhBz6NcCIJvQHSknj7Cke
Top 100 Last 120 days DE,https://open.spotify.com/playlist/3wALpOGZTpnzT97ccJvZDF
Top 100 Last 120 days CZ,https://open.spotify.com/playlist/2FExTFOeVA7oQt054HPy7L
Top 100 Last 120 days CO,https://open.spotify.com/playlist/76QzSmNHmb28PiGfJV7iyf
Top 100 Last 120 days CL,https://open.spotify.com/playlist/08XsdqyzBGySMKECQ7Dg3g
Top 100 Last 120 days CH,https://open.spotify.com/playlist/7x2RLAuAT3C6OC4MTV3bbe
Top 100 Last 120 days CA,https://open.spotify.com/playlist/1MGCvMkzuc1GqjT7vzU1c9
Top 100 Last 120 days BY,https://open.spotify.com/playlist/23HgscOANaT0NcQ6P0akdr
Top 100 Last 120 days BR,https://open.spotify.com/playlist/6AE9xnx6ng9f7YlLfyxw6H
Top 100 Last 120 days BH,https://open.spotify.com/playlist/4eOFZB4jH6r5zqonSyQnTZ
Top 100 Last 120 days BG,https://open.spotify.com/playlist/6bt2PEs7Sm9Pa8FAOyI6gY
Top 100 Last 120 days BE,https://open.spotify.com/playlist/0PVI1ScJ7FDD5VUefTV3Du
Top 100 Last 120 days BD,https://open.spotify.com/playlist/3uyk4QRRM3mqnsfynCiew8
Top 100 Last 120 days AU,https://open.spotify.com/playlist/6s89hwEvsHmZi40odD1nOL
Top 100 Last 120 days AT,https://open.spotify.com/playlist/3WcgYD3m9TMbP5q65vFekH
Top 100 Last 120 days AR,https://open.spotify.com/playlist/7cIcV6iHHW0pbng5mUMei9
Top 100 Last 120 days AE,https://open.spotify.com/playlist/5u0GObs6kbcGORosPqZ752
